11100101,INFO_MAKE
11200308,FUEL_DOOR_OPEN
1120030a,EV_CHARGE_PORT_OPEN
1120030b,EV_CHARGE_PORT_CONNECTED
11200405,FUEL_LEVEL_LOW
1120040a,ABS_ACTIVE
1120040b,TRACTION_CONTROL_ACTIVE
11200f05,SUPPORT_CUSTOMIZE_VENDOR_PERMISSION
11400108,INFO_FUEL_DOOR_LOCATION
11400109,INFO_EV_PORT_LOCATION
11400204,PERF_ODOMETER
11400303,ENGINE_OIL_LEVEL
11400308,RANGE_REMAINING
11400401,CURRENT_GEAR
11400408,TURN_SIGNAL_STATE
1140050d,STEERING_WHEEL_HEAT
1140050e,TEMPERATURE_DISPLAY_UNITS
11400600,DISTANCE_DISPLAY_UNITS
11400602,TIRE_PRESSURE_DISPLAY_UNITS
11400605,VEHICLE_SPEED_DISPLAY_UNITS
11400e00,HEADLIGHTS_STATE
11400e01,HIGH_BEAM_LIGHTS_STATE
11400e02,FOG_LIGHTS_STATE
11400e03,HAZARD_LIGHTS_STATE
11400e12,FOG_LIGHTS_SWITCH
11400e13,HAZARD_LIGHTS_SWITCH
11410105,INFO_FUEL_TYPE
11410107,INFO_EV_CONNECTOR_TYPE
1141010b,INFO_EXTERIOR_DIMENSIONS
1141010c,INFO_MULTI_EV_PORT_LOCATIONS
11410a00,AP_POWER_STATE_REQ
11410a01,AP_POWER_STATE_REPORT
11410a20,HW_ROTARY_INPUT
11510306,WHEEL_TICK
11600104,INFO_FUEL_CAPACITY
11600106,INFO_EV_BATTERY_CAPACITY
11600207,PERF_VEHICLE_SPEED
11600209,PERF_STEERING_ANGLE
11600210,PERF_REAR_STEERING_ANGLE
11600304,ENGINE_OIL_TEMP
11600305,ENGINE_RPM
11600307,FUEL_LEVEL
11600309,EV_BATTERY_LEVEL
1160030c,EV_BATTERY_INSTANTANEOUS_CHARGE_RATE
11600703,ENV_OUTSIDE_TEMPERATURE
11e00c00,VEHICLE_MAP_SERVICE
11e00d00,OBD2_LIVE_FRAME
11e00d01,OBD2_FREEZE_FRAME
11e00d02,OBD2_FREEZE_FRAME_INFO
11e00d03,OBD2_FREEZE_FRAME_CLEAR
11e00f07,INITIAL_USER_INFO
11e00f08,SWITCH_USER
11e00f09,CREATE_USER
11e00f0a,REMOVE_USER
11e00f0b,USER_IDENTIFICATION_ASSOCIATION
13200504,WINDOW_DEFROSTER_ON
13200514,HVAC_ELECTRIC_DEFROSTER_ON
13200bc4,WINDOW_LOCK
13400bc1,WINDOW_MOVE
15200505,ZONED_AC_ON
15200506,ZONED_MAX_AC_ON
15200507,ZONED_MAX_DEFROST_ON
15200508,ZONED_AIR_RECIRCULATION_ON
15200509,ZONED_DUAL_ZONE_ON
1520050a,ZONED_AUTOMATIC_MODE_ON
15200512,ZONED_HVAC_AUTO_RECIRC_ON
1540010a,INFO_DRIVER_SEAT
15400500,ZONED_FAN_SPEED_SETPOINT
15400501,ZONED_FAN_DIRECTION
1540050b,ZONED_SEAT_TEMP
15400b86,SEAT_FORE_AFT_MOVE
15400b88,SEAT_BACKREST_ANGLE_1_MOVE
15400b8c,SEAT_HEIGHT_MOVE
15410511,ZONED_FAN_DIRECTION_AVAILABLE
15600503,ZONED_TEMP_SETPOINT
16400b01,DOOR_MOVE
17600309,TIRE_PRESSURE
21100104,0x21100104
2110300b,IP_VERSION_INFO
21103015,AP_MEDIA_PLAYING_SOURCE_MESSAGE
21103016,AP_MEDIA_SINGER_NAME
21103018,AP_PHONE_CONTACT_INFO
2110301a,AP_PHONE_NUMBER
2110302e,AP_NAVI_ENTER_CURVE_INFO
21103030,AP_NAVI_ENTER_TUNNEL_INFO
21104500,VENDOR_MCU_VERSION
21109000,VENDOR_HW_VERSION_ACK
21109003,VENDOR_ECU_MCU_VERSION
2110901d,TUID_INFO
21109031,VENDOR_VIN_INFO
21109038,VENDOR_IMEI_ACK
21109039,VENDOR_ICCID_ACK
2110903a,VENDOR_TBOX_VERSION
2110903b,VENDOR_TBOX_FW_VERSION
21109041,VENDOR_DSP_VERSION
2110a001,MCU_SYS_SN
2110a002,MCU_SYS_UUID
2110a003,MCUDEVICEINFO_XDSN_NUM
2110a004,MCUDEVICEINFO_IHU_ID_NUM
2110a005,MCU_ICCID
2110a006,MCU_IMSI
2110a008,MCUDEVICEINFO_TBOX_ID_NUM
2110a62c,MCUDEVICEINFO_HW_VERSION
2110a662,MCU_MSISDN
2110a6a6,MCU_RET_BLE_VER_INFO
21401000,HVAC_ACTIVE_VENTILATION_ON
21401001,HVAC_WINDOW_VENTILATION_ON
21401002,HVAC_AIR_DRYIONG_ON
21401003,HVAC_COMFORT_MODE
21401004,HVAC_ION_GENERATOR_ON
21401005,HVAC_TIMING_VENTILATION_MODE
21401006,HVAC_VENTILATION_USER_DEFINED_SETTING_MORNING
21401007,HVAC_VENTILATION_USER_DEFINED_SETTING_AFTERNOON
21401008,HVAC_VENTILATION_USER_DEFINED_SETTING_EVENING
21401009,HVAC_SCENE_MODE_REQ
2140100a,HVAC_SCENE_MODE_ACT
2140100b,HVAC_SCENE_MODE_CTL_ON
2140100c,HVAC_AUTO_DEFOG_SWITCH
2140100d,HVAC_NATURAL_WIND
2140100e,HVAC_ECO_MODE
2140100f,HVAC_ENG_HEAT_TEMP_CFG
21401016,HVAC_SCENE_MODE_FEEDBACK
21401019,HVAC_REFRESH_MODE_FEEDBACK
2140101d,HVAC_IN_OUT_TEMP
2140101e,HVAC_AQS_MODE_ON
2140101f,HVAC_FAN_SPEED_ADJUST
21401020,HVAC_FAN_DIRECTION
21401021,HVAC_TEMPERATURE_SET
21401023,HVAC_AC_ON
21401026,HVAC_RECIRC_ON
21401027,HVAC_AUTO_ON
2140102c,HVAC_SETTING_LOCK
2140102d,HVAC_DUAL_STATE
2140102e,HVAC_POWER_ON
2140102f,HVAC_MAX_AC_ON
21401038,HVAC_CONTROL_MODE
21401039,HVAC_FRONTWIND_SHIELD_WARM
2140103a,HVAC_APU_CTR
2140103e,HVAC_FAN_SPEED_ADJUST_ACK
21401058,HVAC_DISPLAY_REQ
2140105b,HVAC_WAKE_REQ
2140105c,HVAC_WORK_MODE
21402000,VENDOR_CAR_FACTORY_RESET
21402001,DRIVE_ESC_ON
21402002,DRIVE_SWC_EPS_MODE
21402003,DRIVE_ENGINE_STOP_START_ON
21402004,DRIVE_EPS_TORQ_SYN_SET
21402005,DRIVE_BRAKE_MODE_SET
21402006,DRIVE_POWER_OUT_PUT
21402007,DRIVE_COMMON_CTRL
2140200e,DRIVE_EPS_TORQ_MODE
2140200f,DRIVE_PWR_TRAIN_STATUS
21402011,BODY_WINDOW_SUNROOF_CONTROL_POS
21402012,BODY_WINDOW_SUNSHADE_POS
21402013,BODY_DOOR_TRUNK_DOOR_POS
21402014,BODY_DOOR_RKE_UNLOCKDOOR_MODE
21402015,BODY_DOOR_AUTO_SPEEKLOCK_ON
21402016,BODY_DOOR_AUTO_IGNOFF_UNLOCK_ON
21402017,BODY_WINDOW_SUNROOFRAIN_DETECTClOSE_ON
21402018,BODY_WINDOW_LOCK_AUTO_UP_ON
21402019,BODY_DOOR_TWICE_LOCK_ON
2140201a,BODY_DOOR_LEAVE_AUTO_LOCK_STATE
2140201b,BODY_DOOR_WELCOME_UNLOCK_ON
2140201c,BODY_DOOR_SMART_TRUNKULOCK_ON
2140201d,BODY_SEAT_EASY_ENTRY_ON
2140201e,BODY_MIRROR_AUTOFOLD_ON
2140201f,BODY_MIRROR_REAR_BACK_ASSISTANCE_ON
21402020,BODY_WINDOW_REAR_WIPER_ON
21402021,BODY_SEAT_REAR_BELT_WARNING_ON
21402022,DRIVE_MODE_MEMORY_ON
21402023,MIRROR_FOLD
21402024,BODY_VOICE_CONTROL
21402025,BODY_WINDOW_AERATION_SET
21402026,BODY_SMART_LOCK_SET
21402027,BODY_SEAT_DSM_SET
21402028,BODY_VEHICLE_SETTING
21402029,BODY_SEAT_SELF_ADAPTIVE
2140202a,BODY_CURRENT_MEDIA_INFO
2140202b,BODY_REST_MODE_SET
2140202c,BODY_CAR_WASH_MODE
2140202d,BODY_EXHAUST_VAL
2140202e,BODY_HUD_SET
2140202f,BODY_POWER_SAVE
21402033,BODY_MIRROR_FOLD_JK
21402034,BODY_COMMON_SET
2140204c,BODY_SUNROOF_STATUS
21402056,DSM_LIN_ERROR
21402057,DSM_SYSTEM_ERROR
21402058,DSM_HARDWARE_ERROR
21402059,BCM_FRONT_WIPER_STATUS
2140205a,BCM_SUNROOF_POS_DIRECTION
2140205d,BODY_LIGHT_DIMMER_LEVEL
2140205e,BODY_LIGHT_HEAD_HEIGHT_STATE
2140205f,BODY_LIGHT_HEAD_AUTO_ON
21402060,BODY_LIGHT_HMAENABLE_ON
21402061,BODY_LIGHT_FOLLOWME_HOME_STATE
21402062,BODY_LIGHT_LANE_CHANGE_TURN_STATE
21402063,BODY_LIGHT_ATMO_BRIGHT_LEVEL
21402064,BODY_LIGHT_ATMO_COLOR_STATE
21402065,BODY_LIGHT_ATMO_ASSOCIATE_DRIVING_STATE
21402066,BODY_LIGHT_DOOR_ON
21402067,BODY_LIGHT_SMART_WELCOMELIGHT_ON
21402068,BODY_LIGHT_SMART_UNLOCK_ON
21402069,BODY_LIGHT_DOME_ON
2140206a,BODY_LIGHT_ATMO_AUTO_ADJUST_ON
2140206b,BODY_LIGHT_OUT_LIGHT_FLASH_CTR
2140206c,BODY_LIGHT_ATMO_BRIGHTNESS_CTR
2140206d,BODY_LIGHT_ATMO_COLOR_CTR
2140206e,BODY_LIGHT_NODE_CTL
2140206f,BODY_LIGHT_WELCOME_LIGHT_MODE
21402070,BODY_LIGHT_ATMO_SET
21402071,BODY_LIGHT_FTHROUTH_LAMP
21402072,BODY_ACTIVE_LIGHT
21402073,BODY_LIGHT_HU_MUSIC_STATES
21402074,BL_MUSIC_PLAY_SIGNAL
21402075,BODY_LIGHT_SET_ALL
21402087,BODY_LIGHT_BCM_MUSIC_BACK
2140208a,DRIVE_RADAR_FRONT_ACTIVE_ON
2140208b,DRIVE_AUTO_HOLD
2140208e,BODY_DOOR_FCW_OPEN_ON
2140208f,BODY_DOOR_AUDIOWARNING_ON
21402090,BODY_DOOR_OPEN_LOCK_PROTECT_ON
21402091,ADAS_VSAP_SET
21402092,ADAS_VSAP_MODE
21402098,DRIVE_ENGINE_POWER_MODE
2140209a,SCREEN_LIGHT_AUTO
2140209c,BODY_TURN_LEFT_SIGNAL_STATE
2140209d,BODY_TURN_RIGHT_SIGNAL_STATE
2140209e,BODY_WINDOW_SUNSHADE_STATE
2140209f,BODY_WINDOW_SUNROOF_CONTROL_STATE
214020a0,BODY_WINDOW_SUNROOT_POS_DIRECTION
214020a1,BODY_BUCKLE_SWITCH_STATUS
214020a2,HIGH_BEAM_LIGHTS_SWITCH
214020a3,HEADLIGHTS_SWITCH
214020a5,BODY_TURN_LEFT_SIGNAL_SWITCH
214020a6,BODY_TURN_RIGHT_SIGNAL_SWITCH
214020a7,BODY_LIGHT_CTR
214020a8,BODY_LIGHT_WIDTHLAMP_SW
214020ac,DRIVE_ENGINE_START_ON
214020ad,BODY_AMP_ALARM_STYLE_SET
214020ae,BODY_ALARM_VOLUME_SET
214020af,BODY_INDIRECT_TPM_RESET
214020b0,BODY_DRIVE_FUNCTION
214020b1,PHEV_CHRG_DIS_SET
214020bc,BODY_DOOR_LOCK_STATE
214020bd,BODY_DOOR_UNLOCK_STATE
214020be,BODY_LIGHT_STATUS
214020c4,PHEV_CHRG_DIS_MODE
214020c5,DISPLAY_BRIGHTNESS
214020c7,BODY_WIRELESS_CHARGING_ON
214020cb,PHEV_COAST_LEVEL_REQ
214020cc,PHEV_CHRG_IMAX_LIMIT
214020cd,PHEV_MAC_CHRG_SOC_SET
214020ce,PHEV_PHEV_SAVE_TARGET_SOC
214020cf,TMC_DISTANCE
214020d0,TMC_SEGMENT_DISTANCE
214020d1,TMC_SEGMENT_TIME
214020d2,TMC_SEGMENT_STS
214020d3,PHEV_IX_SET
214020d4,PHEV_FUNCTION_SET
214020d5,PHEV_DRV_MODE_SET
214020d6,ENG_DIS_REL_REQ
214020d7,PHEV_DRV_MODE
214020d8,PHEV_COMMON_SET
214020e0,DRV_FUNCTION_INFO
214020e3,PHEV_SYS_EGY_FLOW
214020e4,PCU_BATT_HEAT_SLP_TI
214020e5,PHEV_SYS_INF_DIS
214020e6,PHEV_STATUS_FEEDBACK
21403000,AP_DRIVE_MODE_SET_STATUS
21403002,IP_VOLUME_TYPE
21403003,IP_VOLUME_LEVEL
21403004,IP_DISPLAY_MODE_SET
21403005,IP_REQ_SCREENSHOTS_REQ
21403006,IP_DRIVER_TIRED_STATUS
21403007,IP_DISTRACTION_WARNING
21403008,IP_MESSAGE_ALERT_SOUND
21403009,IP_WELCOME_SOUND
2140300a,IP_ALARM_SOUND
2140300c,AP_NAVI_STATE
2140300d,IP_NAVI_COMPASS
2140300e,IP_NAVI_TAG_NUM
2140300f,IP_NEXT_CROSSING_DISTANCE
21403010,IP_NAVI_LANE
21403011,IP_NEXT_ROAD_NAME
21403012,AP_PLAYING_SOURCE
21403013,AP_MEDIA_PLAYING_CURRENT_TIME
21403014,AP_MEDIA_PLAYING_TOTAL_TIME
21403017,AP_PHONE_STATE
21403019,AP_TEL_HOLDING_TIME
2140301b,AP_TOTAL_MIL_REMAINING
2140301c,AP_TIME_REMAINING
2140301d,IP_DIMMING_LEVEL
2140301e,IP_SET_INFO
2140301f,IP_LVDS_SWITCH
21403020,IP_NAVI_VOICE_CTRL_EVENT
21403021,IP_LVDS_DONE_EVENT
21403022,IP_SLIDING_EVENT
21403023,IP_NAVI_BACKGROUND
21403024,IP_FINISH_DISTANCE_PERCENT
21403025,IP_DRIVER_MODE_THEME
21403026,AP_NAVI_NUMBER
21403027,AP_NAVI_NUMBER_V2
21403028,IP_NAVI_DISTANCE
21403029,AP_NAVI_RAMP_INFO
2140302a,AP_NAVI_BYROAD_SIGNAL
2140302b,AP_NAVI_COUNTRY_CODE_VALUE
2140302c,AP_NAVI_CURRENT_ROAD_TYPE
2140302d,AP_NAVI_CURVE_DISTANCE
2140302f,AP_NAVI_ENTER_RAMP_INFO
21403031,AP_NAVI_GUIGANCE_ON
21403032,AP_NAVI_RAMP_SLOPE_FAR_VALUE
21403033,AP_NAVI_RAMP_SLOPE_INFO
21403034,AP_NAVI_RAMP2_DISTANCE
21403035,AP_NAVI_ROAD_CURVATURE
21403036,AP_NAVI_ROAD_CURVATURE_FAR_VALUE
21403037,AP_NAVI_SPEED_LIMIT_DISTANCE
21403038,AP_NAVI_SPEED_LIMIT_TYPE
21403039,AP_NAVI_SPEED_LIMIT_UNITS
2140303a,AP_NAVI_SPEED_LIMIT_VALUE
2140303b,AP_NAVI_TUNNEL_DISTANCE
2140303c,AP_NAVI_TUNNEL_LENGTH
2140303d,IP_DISPLAY_REQ
2140303e,IP_RACEMODE_RECORD
2140303f,IP_SET_ALL
21403043,IP_REQ_SCREENSHOTS_RESULT
21403044,IP_ADAPTIVE_DIMMING_LEVEL
21403045,IP_LCM_DIMMER_LEVEL
2140304e,IP_DISPLAY_THEME_STATE
2140304f,IP_NAVI_STATE
21403050,IP_DISPLAY_MODE
21403053,IP_PRESSURE_ENGTORQ
21403055,IP_COMMON_FEEDBACK
21404000,ADAS_HDC_CONTROL_ON
21404002,ADAS_ACC_ULS_FKP_ON
21404003,ADAS_APA_REMOTE_DISTANCE
21404004,ADAS_APA_OBSTACLE_SALF_DISTANCE
21404005,ADAS_ACC_CTA_ON
21404006,ADAS_LANE_CHANGE_STYLE
2140400c,ASP_AVAIABLE_STATUS
2140400d,ADAS_IACC_LAS_ON
2140400e,ADAS_ACC_CRUISE_MODE
2140400f,ADAS_ACC_OBJENABLE_ON
21404010,ADAS_ACC_LDW_LAS_MODE
21404011,ADAS_LAS_WARNINGMODE_STATE
21404012,ADAS_LAS_LDW_SHAKELEV_STATE
21404013,AP_NAVI_SPEEDLIMIT_SIGN_ON
21404014,ADAS_ACC_ISA_ON
21404015,ADAS_ACC_FCW_OVERSPEED_ON
21404016,ADAS_ACC_FCW_OVERSPEED_SOUND_ON
21404017,DRIVE_ACC_FCW_OVERSPEED_INFO
21404018,ADAS_ACC_SPEED_VALUE
21404019,ADAS_UDLC_SWITCH
2140401a,ADAS_IRLC_SWITCH
2140401b,ADAS_TJP_SWITCH
2140401c,ADAS_TLAE_SWITCH
2140401d,ADAS_LDW_SENSITIVE
2140401e,ADS_STATUS_INFO
2140401f,DRIVE_LAUNCH_CTRL_SET
21404020,ADS_RACEMODE_SET
21404021,SCENE_SRCTRL_SET
21404022,DRIVE_ASSIST_COMMON_SET
21404036,SCENE_SRCTRL_STATUS
21404038,ADAS_ACC_FCW_WARN_STATE
21404039,ADAS_ACC_FCW_REAR_COLLISION_ON
2140403a,ADAS_ACC_AUTOBRAKE_ON
2140403b,DRIVE_LAEB_ON
2140403c,ADAS_BLIND_AREA_DETECTION_ON
2140403d,ADAS_ACC_PARALLEL_LINE_ASSIST_MODE
2140403e,ADAS_ACC_FCW_WARN_SWITCH
2140403f,ADAS_ACC_FCW_WARN_SENSITIVITY
21404040,ADAS_ACC_ELK_SWITCH
21404041,ADAS_FCTA_SWITCH
21404042,ADAS_RCTB_SWITCH
21404043,ADAS_FCTB_SWITCH
21404044,ADAS_LCATTC_SETTING
21404045,ADAS_LCDAL_RCW_SOUND_ENABLE
21404054,ADAS_MAP_DATA
21404055,ACC_WARNING_STATE
21404056,ADAS_LCDAL_WARNING_STATUS
21404057,ADAS_LCDAR_WARNING_STATUS
21404058,ADAS_TARGET_RANGE
21404059,ADAS_APA_LCDA_SYSTEM_STATUS
2140405a,ADAS_ACC_RELEVANT_TARGET_DECTION_STATUS
2140405b,ADAS_ACC_PAB_TARGET_SELECTION_STATUS
2140405c,ADAS_WINDOW_INITI_APACTICE_STS
2140405d,ADAS_WIN_MOTOR_STATUS
2140405e,ADAS_SLCM_DRIVER_WINDOW_STATUS
2140405f,ADAS_SLCM_FR_WINDOW_STATUS
21404060,ADAS_ACC_WORK_MODE
21404061,ADAS_IACC_WORK_MODE
21404062,ADAS_ACC_IACCHWA_MODE
21404063,ADAS_SECTOR_DISTANCE_2E1
21404064,ADAS_HANDS_EYES_ON_REQ
21404065,ADAS_EMERGENCY_RECORD_REQ
21404066,ADAS_KEY_DETECTED_STATE
21404067,ADAS_LANE_STATUS
21404068,ADAS_INTERACTIVE_VOICE_MODE
21404069,ADAS_INTERACTIVE_SWITCH
2140406b,ADAS_KEY_VEH_RELEVANCE_STATE
2140406c,ADAS_KEY_VEH_NUMBER_INFO
2140406d,APA_SLOT_NUM_AND_SELECT
2140406e,APA_ACTIVE_FOR_VOICE
2140406f,APA_PARKING_MODE_SELECT
21404070,ADAS_APA_SLOT_USER_STATE
21404071,ADAS_APA_MODE
21404072,APA_CROSS_MODE_SELECT
21404073,APA_PARK_VOICE_IN_SET
21404074,ADAS_APA_PARKING_CONFIRM_STATE
21404075,ADAS_APA_PARKING_RESUME_STATE
21404076,APA_HZP_FUNCTION_CTR
21404077,APA_HU_APA_ACTIVE
21404078,APA_APA_ON_OFF
2140407d,APA_BUTTON_PRESS
2140407e,ADAS_APA_PARKING_PERCENTAGE_INFO
2140407f,APA_INDICATION
21404080,ADAS_APA_SLOT_NOTICE_INFO
21404081,APA_ACTIVATION_STATUS
21404082,ADAS_APA_DYNAMIC_SLOT_NOTICE
21404083,ADAS_APA_SLOT_TYPE_DISTANCE
21404084,ADAS_APA_PARK_NOTICE_INFO
21404085,ADAS_APA_FUNCTION_ON_OFF_STATE
21404086,APA_LAEB_NOTICE
21404087,APA_PARKING_MODE_AVAILABLE_STS
21404088,ADAS_APA_ASP_REMIND_ON
21404089,APA_SYSTEM_FAILURE_FLAG
2140408a,APA_SECTOR_DIST_2FD
2140408b,APA_SECTOR_DIST_2A6
2140408c,APA_SECTOR_DIST_2A7
2140408d,ADAS_APA_BSD_LCA_ON
2140408e,RRS_WARNING_FREQUENCY_TYPE
2140408f,RRS_MODE_AND_BUTTON_PRESS
21404090,DRIVE_RADAR_SIDE_ZONE_STATE
21404091,APA_RADS_NOTICE
21404092,APA_PEPS_REMOTE_STATUS
21404093,APA_FUNCTION_FB
21404095,APA_LSC_ACTION
21404096,APA_PARK_NOTICE_4
21404501,MCU_MSG_SOC_TO_MCU
21404502,MCU_MSG_MCU_TO_SOC
21404506,OTA_UPDATE_STATE
21404507,VENDOR_UPDATE_MCU_CANCEL_SET
21404508,VENDOR_UPDATE_STATE
2140450a,MCU_HOLD_ON_NETWORK
2140450b,MCU_USB_MODE_SELECT
2140450c,MCU_VIDEO_STATUS
2140450d,VENDOR_MCU_RESET_4G_REQ
2140450f,MCU_APP_FLAG_REQ
21404510,MPU_NOTICE_MCU_DSP_STATUS
21404512,MCU_SOC_MCU_SETTINGS
21404513,MCU_SOC_REBOOT_REASON_REQ
21404514,MCU_SOC_DIAGNOSIS_REQ
21404515,HU_ENVIRONMENTAL_TEMP
21404516,MCU_ROLLER_BENCH
21404517,MCU_CAMEAR_UPGRADE
21404518,SEND_DATA_TO_MCU
2140451b,VENDOR_NOTICE_MCU_UPDATE_STATUS
2140451c,MCU_APP_FLAG_ACK
2140451d,MPU_4G_USB_BOOT
21404524,MCU_DATA_REQ
21404525,MCU_DSP_SOUND_EFFECTS_CTR
21404526,MCU_DSP_VOLUME_CTR
21404527,MCU_DSP_VOLUME_MUTE_CTR
21404528,MCU_OUTLAY_DSP_SOURCE
21404529,MCU_DSP_LOUDSPEAKER_SET
2140452a,MCU_DSP_MIC_MODE
2140452b,MCU_DSP_MIC_GAIN_CTR
2140452c,MCU_DSP_REF_GAIN_CTR
2140452d,MCU_DSP_UPDATE_DATA
2140452e,MCU_VOLUME_CURVE
2140452f,MCU_DSP_OUT_SPK_SET
21404530,MCU_DSP_OUT_EFFECT_SET
21404531,MCU_DSP_OUT_SOUND_FIELD_SET
21404532,MCU_DSP_OUT_VOL_SET
2140453e,DIAGNOSTIC_REQ
21405000,AVM_CALIBRATION
21405001,AVM_CALIBRATION_CONFIRM
21405004,ESP_LAT_LONG_ACCEL
21405005,DVR_MODE
21405006,DVR_REC_SWITCH
21405007,DVR_SNAP_SHOOT
21405008,DVR_EMERGENCY_RECORD
21405009,DVR_REPLAY_MODE
2140500a,DVR_SLIDE_PAGING
2140500b,DVR_REPLAY_SPEED
2140500c,DVR_REPLAY_COMMAND
2140500d,DVR_DELETE_COMMAND
2140500e,DVR_EMERGENCY_COMMAND
2140500f,DVR_PRINT_SCREEN
21405010,DVR_RECORDING_CYCLE_SETTING
21405011,DVR_FORMAT
21405012,DVR_DISPLAY_VISION
21405013,DVR_VIDEO_PLAY_USER_TIME
21405014,DVR_EDIT_MODE_COMMAND
21405015,DVR_EDIT_SELECTED
21405016,DVR_MEDIA_SELECT
21405017,DVR_LANGUAGE_SET
21405018,DVR_TAPE
21405019,DVR_DISTORT_CORRECT_SWITCH
2140501a,DVR_REALTIME_DISPLAY
2140501b,DVR_REBROADCAST
2140501c,AVM_REMOTE_DETECT_UPLOAD_STATUS
2140501d,DVR_LANGUAGE_SYNC
2140501e,DVR_THEME_CHANGE
2140501f,DVR_TBOX_REMOTE_DIS_REQ
21405020,DVR_LOCAL_TIME_SET
21405026,DVR_CURRENT_VIDEO_COUNTS
2140502f,DVR_VIDEO_CUR_TIME
21405030,DVR_VIDEO_TOTAL_TIME
21405031,DVR_SDCARDERROR_STATUS
21405032,DVR_SDCARDFULL_STATUS
21405033,DVR_ERROR
21405036,AVM_DVR_MODE_FEEDBACK
21405037,AVM_DVR_EDIT_FEEDBACK
21405039,DVR_STORGE_PERCENT
2140503a,DVR_SD_CAPACITY
2140503b,DVR_TBOX_REMOTE_DETECT_REQ
2140503d,DVR_PEPS_REMOTE_START_REQ
2140503e,AVM_COORDINATE_TRANSFER
2140503f,AVM_3D_ENABLE
21405040,AVM_DISPLAY_SWITCH
21405041,AVM_LINE_SWITCH
21405042,AVM_MOD_ENABLE
21405043,AVM_TURNLIGHT_TRIGGER_SWITCH
21405044,AVM_RADAR_TRIGGER_SWITCH
21405045,AVM_BODY_COLOR_STATUS
21405046,AVM_WHEEL_HUB_STYLE
21405047,AVM_LICENSE_NUMBER_SET
21405048,SCREEN_INFO
21405049,AVM_DISPLAY_FORM
2140504a,AVM_TRANSPARENT_CAR_SWITCH
2140504b,AVM_3D_HOR_ANGLE
2140504c,AVM_DETECTION_REQUEST
2140504d,AVM_TOPLOOK_DOWN_SWITCH
2140504e,APA_REMOTE_DISP_STS
2140504f,TBOX_AVM_DISPLAY_FORM
21405050,AVM_INNER_SET
21405051,AVM_SPEED_PANORAMIC_SELECT
21405052,AVM_RADS_SWITCH
21405053,AVM_TRIGGER_METHOD
21405054,AVM_CAMERA_POWER_ON
21405055,RAMP_AVM_SWITCH
21405057,AVM_VISION_ANGLE_REQUES
21405061,AVM_OVERSPEED_WARNING
21405063,AVM_RECORD_STATUS
21405064,DVR_360_REPLAY_MODE
2140506d,AVM_MSG_FEEDBACK
21408000,BODY_MIX_INFO
21408001,IP_WARNING_MESSAGE_NUM
21408004,BODY_STEERING_WHEEL_STEERING_ANGLE
21408006,BODY_BATTERY_U_BATT_INFO
21408007,BODY_BATTERY_BCN_LEVEL
21408008,BODY_BATTERY_REMAINING_INFO
21408009,BODY_ENGINE_OIL_INFO
2140800a,WARNING_VEH_INDICATE_INFO_NEW
2140800b,IGNITION_STATE
2140800c,PARKING_BRAKE_ON
2140800d,BODY_TIRE_PRESSURE_STATE
2140800e,DRIVE_ENGINE_STATUS
2140800f,GEAR_SELECTION
21408011,DRIVE_RADAR_CRASH_OUTPUT_STATE
21408012,FAULT_SYSTEM_CODE_INFO_NEW
21408013,CAR_VOLTAGE_STATUS
21408015,NIGHT_MODE
21408016,BODY_STEERING_WHEEL_STEERING_ANGLE_SPEED
21408017,ENGINE_COOLAN_TEMPERATURE
21408018,RAIN_FALL_LEVEL
21408019,BCM_SOC_DATA
2140801a,GEAR_SHIFT_POSITION
2140801b,EMS_ACCPEDAL_STATUS
2140801c,CANID_STATUS
2140801d,BCM_T_BATT_DATA
2140801e,BCM_HOOD_STATUS
2140801f,SRS_CRASH_OUTPUT_STATUS_CHECK_SUM
21408020,GW_FBL_HAND_BREAK_STS
21408021,ACC_VEHICLE_START_REMIND_STS
21408022,EV_REMAINING
21408023,DRV_ENG_CON_SUM
21408024,FAULT_SYSTEM_CODE_INFO
21408025,REVERSE_SIGNAL
21409001,VENDOR_SW_PART_NUMBER
21409002,VENDOR_PART_NUMBER
21409004,VENDOR_DISPLAY_PCPD_SCREEN_MODE
21409005,VENDOR_LIGHT_MUSIC_ON
21409006,VENDOR_LIGHT_MUSIC_MODE_SELECT_STATE
21409007,VENDPR_LIGHT_MUSIC_PLAY_SETBACK_STATE
2140900c,VENDOR_DRIVING_BEHAVIOR_F
2140900d,VENDOR_LOCAL_TIME_E
2140900e,VENDOR_LOCAL_TIME_D
2140900f,VENDOR_DATA_VALID
21409010,SOC_SLEEP_SIGN
21409011,SCREEN_BACKLIGHT_TOUCH_SWITCH
21409012,AP_DISPLAY_LEAVE_CAR_ANIMATION_STATE
21409013,VENDOR_LOCAL_TIME_SYSTEM
21409016,DVR_CUR_LOCATION
21409017,VENDOR_BCALL_REQ
21409018,VENDOR_AMPLIFIER_SWITCH_STATUS
21409019,VENDOR_MCU_VERSION_REQ
2140901a,VENDOR_OFF_LINE_REQ
2140901b,VENDOR_OFF_LINE_SET
2140901c,TUID_REQ
21409020,VENDOR_IMEI_REQ
21409021,VENDOR_ICCID_REQ
21409022,VENDOR_SECRET_REQ
21409023,VENDOR_TBOX_VERSION_REQ
21409024,VENDOR_TBOX_FW_VERSION_REQ
21409025,VENDOR_HW_VERSION_REQ
21409026,VENDOR_CERTIFICATE_SET
21409027,VENDOR_SAVE_SIGN_DATA
21409028,VENDOR_SAVE_FILL_PRIVATE_KEY
21409029,VENDOR_SAVE_ENCRYPTED_SECRET_KEY
2140902a,VENDOR_SAVE_CAR_CONTROL_CODE
2140902b,VENDOR_IMS_STATUS
2140902c,VENDOR_SAVE_SE_MODE_SELECT
2140902d,VENDOR_MCU_RESTART_REQ
2140902e,VENDOR_FACTORY_RESET
2140902f,VENDOR_VIN_REQ
21409030,VENDOR_TBOX_TRANSPORT_MODE
21409032,VENDOR_BCALL_STATE
21409045,VENDOR_SAVE_SE_WORK_STATUS
21409046,VENDOR_SAVE_SIGN_STATUS
21409049,PCP_SOUND_ADJUST_TYPE
2140904a,PCP_SOUND_DISPLAY_TYPE
2140904b,PCP_VOLUME_MUTE
2140904c,PCP_VOLUME_STATUS
2140904d,PCP_VOLUME_ADJUST
2140904e,PCP_VOLUME_MUTE_SET
2140904f,PCP_VOL_ADJUST_SENSTIVE_STATUS
21409050,AP_USER_STATE
21409051,VENDOR_BLEU_USER_ID
21409054,DEV_STATUS_REPORT
2140a000,MCUDEVICEINFO_MPU_SOFT_VERSION
2140a007,GPS_INFO
2140a009,MCU_TIME_FORMAT
2140a010,MCU_TIME_ZONE
2140a012,MCU_POWER_STATE
2140a013,MCU_POWER_FIRST
2140a014,MCU_POWER_SOC_BOOT
2140a015,MCU_POWER_ACC_STATE
2140a016,VPOWERINFO_REMOTE_CTRL_STATE
2140a017,MCU_POWER_WORK_MODE_ATS
2140a018,MCU_POWER_WORK_MODE_RTS
2140a019,MCU_POWER_SILENT_MODE_ATS
2140a020,MCU_POWER_SILENT_MODE_RTS
2140a021,MCU_POWER_SHUTDOWN
2140a022,MCU_POWER_HEART_BEAT
2140a023,MCU_POWER_SYS_STATE
2140a024,MCU_POWER_ARM2_STATE
2140a025,MCU_POWER_APP_STATE
2140a026,MCU_POWER_RESET
2140a027,MCU_POWER_RTC
2140a028,VPOWERINFO_BATTERY_LOW
2140a029,MCU_POWER_SLEEP_MODE
2140a030,LCDDISPLAY_LCD_EN_STATUS
2140a031,MCU_DISPLAY_TOUCH
2140a032,MCU_BOOT_ANIMATION_STATE
2140a033,MCU_DISPLAY_TYPE
2140a034,VEHICLECONTROL_SWCUSERIGHT
2140a035,MCU_VEHICLE_TURN_SWITCH
2140a036,VEHIC_BCMATW_ST
2140a037,MCU_VEHICLE_SMALL_LIGHT_VOL
2140a038,MCU_VEHICLE_KEY_POS
2140a039,RADARWARN_FAILURE_MODE
2140a040,RADARWARN_WARN_TYPE
2140a043,MCU_CONFIG_DID
2140a045,MCU_CONFIG_F102
2140a046,MCU_CAN_BODY
2140a048,MCU_CAN_NETWORK
2140a049,MCU_CAN_CTRL
2140a050,MCU_UPGRADE_STATE
2140a051,MCU_UPGRADE_FILE
2140a052,MCU_UPGRADE_DATA
2140a054,MCU_TBOX_INIT_STATE
2140a055,MCU_TBOX_SYSTEM_STATUS
2140a056,MCU_TBOX_DORMANT
2140a057,MCU_TBOX_AUTHENTICATE
2140a058,MCU_TBOX_CONTROL
2140a059,MCU_TBOX_AWAKEN_SOURCE
2140a060,MCU_TBOX_SCHEDULE
2140a061,MCU_TBOX_SCHEDULE_BY_MCU
2140a063,MCU_OTA_SOC2MCU_OTA
2140a064,MCU_OTA_MCU2SOC_OTA
2140a065,MCU_OTA_SOC2MCU_LIN
2140a066,MCU_OTA_MCU2SOC_LIN
2140a067,MCU_OTA_POWER_STATE
2140a068,MCU_IO_STATE
2140a069,MMI_NAVSYNCSCREEN_STATUS
2140a073,SOC_PROP_LIST
2140a074,SOC_BT_STATUS
2140a075,SOC_BOOTANIMATION_STATE
2140a076,SOC_ECALL_STATE
2140a078,SOC_IPO_STATUS
2140a079,SOC_TBOX_SIGNAL_STRENGTH
2140a080,SOC_TBOX_BASE_STATION_INFO
2140a081,SOC_TBOX_SMS_REQUEST_LIST
2140a082,SOC_TBOX_SMS_INFO
2140a083,SOC_TBOX_SMS_OPERATON
2140a084,SOC_TBOX_SMS_SEND
2140a086,SOC_TBOX_FOTA_DOWNLOAD_STS
2140a087,SOC_TBOX_FOTA_POPUP_ENABLE
2140a091,LIGHTINSIDE_ATMOSPHERE_LAMP_MUSIC_SWITCH_3B
2140a092,LIGHTINSIDE_ATMOSPHERE_LAMP_SMART_SWITCH_3B
2140a093,LIGHTINSIDE_ATMOSPHERE_LAMP_MODE_3B
2140a094,LIGHTINSIDE_ATMOSPHERE_LAMP_MEDIA_SOURCE
2140a095,LIGHTINSIDE_ATMOSPHERE_LAMP_VOICE_MODE
2140a096,LIGHTINSIDE_ATMOSPHERE_LAMP_SOUND_INTENSITY
2140a097,LIGHTINSIDE_ATMOSPHERE_LAMP_FAULT
2140a098,LIGHTINSIDE_ATMOSPHERE_LAMP_MODE
2140a099,LIGHTINSIDE_ATMOSPHERE_LAMP_WELCOME
2140a100,WIRELESS_WIRELESS_CMD
2140a101,WPC_RESPONSE_ERROR
2140a102,WPC_ERROR_RES
2140a103,FRAGRANT_TASTE
2140a104,FRAGRANT_CONCENTRATION
2140a105,FRAGRANT_CH1_TYPE
2140a106,FRAGRANT_COMM_ERROR
2140a107,FRAGRANT_RESPONSE_ERROR
2140a108,FRAGRANT_DATA_ERROR
2140a109,FRAGRANT_FAN_ERROR
2140a110,FRAGRANT_MOT_ERROR
2140a111,FRAGRANT_OVER_VOLT_ERROR
2140a112,FRAGRANT_LOW_VOLT_ERROR
2140a113,VEHIC_RLS
2140a114,VEHIC_RKE_LOCK_FEEDBACK
2140a115,VEHIC_DAY_RUNNING_LAMP
2140a116,VEHIC_WINDOW_VENTILATE
2140a117,VEHIC_AUTO_UNLOCK_WHEN_NEAR_DOOR
2140a118,VEHIC_WELCOME_LIGHT_SET
2140a119,VEHIC_ANY_DOOR_LOCK_CAR_WARNING
2140a120,VEHIC_WINDOW_CLAMP_WARNING
2140a121,VEHIC_BACK_DOOR_AUTO_UNLOCK_DISTANCE
2140a122,VEHIC_FOLLOWME_HOME_TIMESELECT
2140a123,VEHIC_CORNREING_MODE
2140a124,VEHIC_LOCK_BATTORY_ON
2140a125,VEHIC_KEYINREMINDER_OPTION
2140a126,VEHIC_REARWIPERAUTOACTIVEATREVERSER
2140a127,VEHIC_FOLLOWME_HOME_CLOSEFUNC
2140a128,VEHIC_SAILINGSWITCHSTS
2140a129,VEHIC_MMRYSCSINDREQ
2140a130,VEHIC_MEMORYSET
2140a131,VEHIC_IGNOFFUNLOCKDOOR
2140a132,EVA_AVAILABLE
2140a133,EVA_LEVEL
2140a134,SETTING_FUNC_FRONT_WIPER_IDLE
2140a135,IPKSKIN_SKIN_MODE
2140a136,IPKFUEL_FUEL_TYPE
2140a137,VPOWERINFO_EMSSSM_STATUS
2140a138,PEPS_WARNING_STOP_EMERGENCY
2140a139,PEPS_WARNING_STOP_MOVING
2140a140,EPTREADY
2140a141,VSTEERWHEELINFO_ANGLE_DIRECTION
2140a142,VSTEERWHEELINFO_ANGLE_VALUE
2140a143,CHARGE_CONNECTOR_STS
2140a144,VEH_CHARGE_STS
2140a145,VEH_PRE_CHARGE_STS
2140a146,NOPLUGIN_MODE
2140a147,SAVE_Mode
2140a148,AVASSwitch
2140a149,AVASVolume
2140a150,PHEV_NODE_STS
2140a151,PARKING_AUXILIARY_SWITCH
2140a152,DOOR_CONTROL_LIGHT_SWITCH
2140a153,LANE_CHANGE_AUXILIARY_SOUND
2140a154,BLIND_SPOT_MONITORING_SWITCH
2140a155,BLIND_SPOT_MONITORING_SOUND_ALARM_SWITCH
2140a156,SOC_BALANCE_POINT_SETTING
2140a157,SECOND_ROW_AC_BUTTON
2140a158,AC_PM25_SWITCH
2140a159,AC_AUTO_RATING_SETTING
2140a160,HDC_SWITCH_STATUS
2140a161,AUTO_HOLD_SWITCH_STATUS
2140a162,RBS_MODE
2140a163,HIGH_VOLTAGE_BATTERY_PACK_WORK_STATUS
2140a164,PURE_ELECTRIC_MILEAGE
2140a165,AC_CHARGING_REMAINING_TIME
2140a166,BATTERY_CURR
2140a167,EXTERNAL_DISCHARGE
2140a168,BATTERY_THERMAL_RUNAWAY
2140a169,TUNNEL_OPENING_INTERNAL_CIRCULATION
2140a170,GREEN_TRAVEL_MODE
2140a171,RADARINFO_SENSOR_NUM_FRONT
2140a172,RADARINFO_SENSOR_NUM_REAR
2140a173,RADARWARN_OBSTACLE_DETECT_FL
2140a174,RADARWARN_OBSTACLE_DETECT_FLM
2140a175,RADARWARN_OBSTACLE_DETECT_FRM
2140a176,RADARWARN_OBSTACLE_DETECT_FR
2140a177,RADARWARN_OBSTACLE_DETECT_RL
2140a178,RADARWARN_OBSTACLE_DETECT_RLM
2140a179,RADARWARN_OBSTACLE_DETECT_RRM
2140a180,RADARWARN_OBSTACLE_DETECT_RR
2140a181,PDC_UART_REQUEST
2140a182,PDC_VOLUME_REQUEST
2140a183,BLIND_CAMERA_SWITCH
2140a184,RVC_VIEW_DISPLAY_SWITCH
2140a185,VEHIC_EXT_LIGHT_OUTPUT
2140a186,VEHIC_MUSIC_RHYTHM
2140a187,DVR_RESOLUTION
2140a188,DVR_RESTORE_FACTORY_SETTING
2140a189,DVR_UPDATE_MODE
2140a190,DVR_RETURN_TO_MAIN_MENU
2140a191,DVR_BROWSE_INSTRUCTION
2140a192,DVR_INSTRUCTION_LIST
2140a193,DVR_ENTRY_AND_EXIT_RESPONSE
2140a194,DVR_SYSTEM_STATE
2140a195,DVR_SDCARD_STATE
2140a196,DVR_MESSAGE_NODE_LOST
2140a197,DVR_REQUEST_TO_ENTER_DVR
2140a198,DVR_SPEED_STATE
2140a199,DVR_SYNC_INFO
2140a200,INTELLIGENT_HIGH_BEAM_FAULT_INFORMATION
2140a201,REGENCY_LEVEL
2140a202,HVAC_BUTTON_SOUND
2140a203,HVAC_BUTTON_SOUND_STATUS
2140a204,RIGHT_BLIND_AREA_KEY_SIGNLE
2140a205,BCM_TURN_LEVER_STATUS
2140a206,AUTO_HOLD_OPERATION_REQUEST
2140a207,SETTING_FUNC_TRAFFIC_SIGN_RECOGNITION_ALERT
2140a208,MCUDEVICEINFO
2140a209,MCUDEVICEINFO_MCU_SOFT_VERSION_DATE
2140a210,MCUDEVICEINFO_MCU_OSD_VERSION
2140a211,MCUDEVICEINFO_VECH_TYPE
2140a212,MCUDEVICEINFO_WIFI_NETWORK_CONFIG
2140a213,MCUAWAKE_WAKE_SOURCE
2140a214,MCUAWAKE_POWER_STATUS
2140a215,MPUPOWER_POWER_STATUS
2140a216,MPUPOWER_FAST_SLEEP_CMD
2140a217,MPUPOWER_AP_READY
2140a218,DISPLAYSOURCE_VIDEO_SOURCE
2140a219,VOICESET_MUTE_CMD
2140a220,TBOXCFG_IMSI_NUM
2140a222,DEVICEWARN_USB_CHARGE_STATE
2140a223,DEVICEWARN
2140a224,USB_HUB_UPGRADE_INFO
2140a225,RESTORE_FACTORY_STS
2140a226,USB_HUB_UPGRADE
2140a227,DIAG_DISPALYLIGHT_INFO
2140a228,GPS_LONGITUDE_TYPE
2140a229,GPS_LONGITUDE_FIXEDSTS
2140a230,GPS_LATITUDE_TYPE
2140a231,GPS_LATITUDE_FIXEDSTS
2140a232,GPS_LONGITUDE_INFO
2140a233,GPS_LATITUDE_INFO
2140a234,GPS_GSA_STS
2140a235,GPS_GGA_STS
2140a236,GPS_ELEVATION_INFO
2140a237,DIAG_MIX_TBOX
2140a238,DIAG_MIX_BT
2140a239,DISPLAYSET_BLIND_CAMERA_SWITCH
2140a240,LOCK_TRUNK
2140a241,DIAG_MIX_TEM
2140a242,DIAG_MIX_SOCVideoError
2140a243,DIAG_MIX_DisplayCheckoutError
2140a244,SYNC_DAY_NIGHT_MODE_TO_IPK
2140a245,VIMS_ENTER_REQUEST
2140a246,VIMS_VOICE_CONTROL
2140a247,VIMS_GESTURE_MUTE
2140a248,VIMS_GESTURE_RACE
2140a249,VIMS_GESTURE_MUSIC_COLLECT
2140a250,VIMS_SYSTEM_STATUS
2140a251,VIMS_REQUEST_MUTE
2140a252,VIMS_REQUEST_RACE
2140a253,VIMS_REQUEST_COLLECT
2140a254,VIMS_REQUEST_CAMERA_SOUND
2140a255,VIMS_TOUCH_INFO
2140a256,ATE_GET_EFUSE
2140a257,ATE_SET_EFUSE
2140a258,IPKFUEL_VEHICLE_SPEED
2140a259,ACCEL_PEDAL_POSITION
2140a260,ACCEL_PEDAL_POSITION_INVALID
2140a261,BREAK_PEDAL_SWICTH_INVALID
2140a262,IPKSET_CMD
2140a263,IPKSET_FUNC_REQUEST
2140a264,RIGHT_BLIND_AREA_ACQUISITION_SPEED_LOSS
2140a265,TBOX_AGREEMENT
2140a266,BT_AGREEMENT
2140a267,TEMPERATURE_STATE
2140a268,SOC_VIDEO_SIGNAL_ERROR
2140a269,DISPLAY_CONTENT_CHECKOUT_ERROR
2140a270,PHEV_MSG_TYPE
2140a271,PHEV_MSG_LOST
2140a272,FL_WHEEL_SPEED_RC
2140a273,FR_WHEEL_SPEED_RC
2140a274,RL_WHEEL_SPEED_RC
2140a275,RR_WHEEL_SPEED_RC
2140a276,AUTOMATIC_PARKING
2140a277,IN_CAR_VISUAL_AIDS
2140a278,VIMS_SYSTEM_FAULT_STATUS
2140a279,GET_PHOTO_SOUND_AND_VOICE_CONTROL_CAMERA
2140a280,GESTURE_MUTE_SIGNAL
2140a281,GESTURE_TURN_TRACK_MODE
2140a282,GESTURE_LIKE_COLLECTION
2140a283,GESTURE2_SWITCH_SETTING
2140a284,GESTURE3_SWITCH_SETTING
2140a285,GESTURE4_SWITCH_SETTING
2140a286,SET_PHOTO_SOUND_AND_VOICE_CONTROL_CAMERA
2140a287,BLUETOOTH_ACTIVE_STATUS
2140a288,MIC_CHANNEL_SWITCH_STATUS
2140a289,VOL_HIGH
2140a290,VOL_LOW
2140a291,FOG_MODULE_ERROR
2140a292,TOUCHPANEL_CIRCUIT_SHORT_TO_GND
2140a293,TOUCHPANEL_MODULE_ERROR
2140a294,BACKLIGHT_CIRCUIT_SHORT_TO_GND
2140a295,BACKLIGHT_CIRCUIT_OPEN
2140a296,BACKLIGHT_CIRCUIT_ERROR
2140a297,LOCAL_SIGNAL_ERROR_WHEN_FIRST_IGN
2140a298,BACKLIGHT_SIGNAL_LOST_WHEN_FIRST_IGN
2140a299,FOG_MODULE_VOL_SUPPLY_ERROR
2140a300,ATMOSPHERE_LIGHT_SOUND_SOURCE
2140a301,CC2_LINK_STATE
2140a302,SKYLIGHT_FAULT_STATUS
2140a303,SKYLIGHT_SUNSHADE_FAULT_STATUS
2140a304,WASH_CAR
2140a305,ATWS_JUDGE
2140a306,AC_AUTO_ION_CONFIRM
2140a307,IC_HR_TRIP
2140a308,NVC_SWITCH
2140a309,SENTRY_MODE
2140a310,SENTRY_SYS_CAL
2140a311,WINDOW_FL_FAULT_STATUS
2140a312,WINDOW_FR_FAULT_STATUS
2140a313,PMS_PT_READY
2140a314,WALLPAPER_STYLE
2140a315,WCM_CHARGE_STS
2140a316,WCM_PHONE_DETECTION_STS
2140a317,WCM_FAULT_IND
2140a319,ESC_SPEED
2140a320,ESC_SPEED_VALIDITY
2140a321,BCM_AutoLightSts
2140a322,BCM_RearFogLightSts
2140a323,BCM_LightLeftOn
2140a324,BCM_LightLeftwarning
2140a325,TBOX_ALL_DOOR_LOCK
2140a326,TBOX_ENGINE_FORBID_STS
2140a327,TBOX_ENGINE_FORBID_REQ
2140a328,TBOX_ENGINE_PERMIT_REQ
2140a329,VCU_CHARGE_HV_STATUS
2140a330,PEPS_REMOTE_CTL_STS
2140a331,PEPS_POWER_MODE
2140a332,PEPS_POWER_MODE_VAILD
2140a333,TBOX_ENGINE_STOP
2140a334,TBOX_ENGINE_DELAY_TIME
2140a335,TBOX_ENGINE_START
2140a336,TBOX_ENGINE_START_TIME
2140a337,TBOX_AC_POWER_REQ
2140a338,TBOX_AC_TEMP_REQ
2140a339,TBOX_RL_HEAT_REQ
2140a340,TBOX_RR_HEAT_REQ
2140a341,TBOX_FL_HEAT_REQ
2140a342,TBOX_FR_HEAT_REQ
2140a343,TBOX_INQUIRE_PM25
2140a344,TBOXE_PM25_SWITCH
2140a345,BCM_ATWS_STS
2140a346,BCM_RLS_WINCLOSE_REMINDER
2140a347,ACDisplayRequest
2140a348,AC_AIRINQLEVEL
2140a349,AC_AIROUTQLEVEL
2140a350,AC_PM25POPUPREQ
2140a351,AC_KEYTOUCHST
2140a352,AC_KEYSTATE
2140a353,AC_SWHEAT
2140a354,AC_GCLEAN
2140a355,AC_PARKINGCLIMATESET
2140a356,AC_PARKINGCLIMATE_FAIL_STS
2140a357,AC_BTCALLING_STATUS
2140a358,AC_PM25STS
2140a359,AC_ECOCLIMATESTS
2140a360,AC_FRAGERANCE_TASTE
2140a361,AC_FRAGERANCE_LEVEL
2140a362,L_AFU_FraganceRatio
2140a363,L_AFU_AirFragCh1Type
2140a364,L_AFU_AirFragCh2Type
2140a365,L_AFU_AirFragCh3Type
2140a366,AC_CABINCLEAN
2140a367,AC_ERROR
2140a368,AC_PTC_HEAT
2140a369,_AC_REMOTE_CONTROL_STS
2140a370,ADS_RESPONSE
2140a371,AC_REMOTE_SET_STS
2140a372,AC_BCM_POSITION_LIGHT_STATE
2140a373,AC_BLOWER_AUTO_CONTROL_STATUS
2140a374,AC_AUTO_CONTROL_STATUS
2140a375,REAR_MIRROR_HEAT
2140a376,AC_AMBIENT_TEMP_INVALID
2140a377,AC_AMBIENT_TEMP
2140a378,AC_INSIDE_TEMP_INVALID
2140a379,AC_INSIDE_TEMP
2140a380,HUDSNOWINGMODEACTREQ
2140a381,HUDSAFETYINFODISPREQ
2140a382,HUDNAVIINFODISPREQ
2140a383,HUDBTINFODISPREQ
2140a384,TURNINGDIRECTIONTYPE
2140a385,TURNINGDISTANCE
2140a386,REROUTINGREMIND
2140a387,FINISHREMIND
2140a388,HUDVEHDRVGDISPREQ
2140a389,NEXT_ROAD_INFO
2140a390,NEXTCROSSDISTANCEINDICATE_CATE
2140a391,SERVICEAREADISTANCE
2140a392,SERVICEAREADISTANCE_UNIT
2140a393,DESTINATIONDISTANCEINDICATE_CATE
2140a394,ROADCAMERADISTANCEINDICATION
2140a395,DESTINATIONTIME_DAY
2140a396,DESTINATIONTIME_HOUR
2140a397,DESTINATIONTIME_MINUTE
2140a398,SERVICEAREATYPE
2140a399,DRIVINGDIRECTION
2140a400,TOLLGATEINDICATION
2140a401,NAV_REST_AREA_INDICATION
2140a402,NAVDESTINATIONINDICATION
2140a403,NAVTUNNELINDICATION
2140a404,SETBUTTONSTATUS
2140a405,NAVSPEEDLIMIT
2140a406,NAVRAMPSTS
2140a407,NAVROADTYPE
2140a408,NAVCOUNTRYID
2140a409,MMI_NAVSYNCDISPLAY
2140a410,CAMERATYPE
2140a411,ADAS_RSRS_DOW_WARN_RIGHT
2140a412,ADAS_RSRS_DOW_WARN_LEFT
2140a413,ADAS_RSRS_SYSTEM_STS
2140a414,ADAS_RSRS_RCTA_STS
2140a415,ADAS_FCS_ALAD_SWITCH_STS
2140a416,ADAS_FCS_ALAD_TYPE
2140a417,ADAS_FCS_ALAD_STATUS
2140a418,ADAS_FCS_SLIF_WARN_SWITCH
2140a419,ADAS_FCS_SLIF_SWITCH
2140a420,ADAS_FCS_SLIF_STATUS
2140a421,ADAS_FCS_SLIF_MISC_STS
2140a422,ADAS_FRS_ALOD_STATUS
2140a423,ADAS_ELK_STATUS
2140a424,ADAS_LOST_FCS
2140a425,ADAS_LOST_FRS
2140a426,ADAS_LOST_RSRS
2140a427,VEHIC_AUTONOMOUS_EMERGENCY_BRAKING_STATUS
2140a428,ADAS_IHBC
2140a429,ADAS_IHBC_STATUS
2140a430,DMM_Bootup
2140a431,DMM_SetrecognitionSts
2140a432,DMM_SetFatiguedetectionSts
2140a433,DMM_SetUnsafeActSts
2140a434,DMM_FrOprCode
2140a435,DMM_FrUserID
2140a436,DMM_FrStatus
2140a437,DMM_SyncDriver1
2140a438,DMM_SyncDriver2
2140a439,DMM_SyncDriver3
2140a440,DMM_SyncDriver4
2140a441,DMM_SyncDriver5
2140a442,DMM_RegisterCancel
2140a443,DMM_FrRegisterProgressSts
2140a444,DMM_FragranceSwitchEnable
2140a445,DMM_FrSeatMirrorSelected
2140a446,DMM_AmbLightSelected
2140a447,DMM_AmbLightCorrelative
2140a448,DMM_AmbLightBright
2140a449,DMM_AmbLightColor
2140a450,DMM_BacklightSelected
2140a451,DMM_BackLightBright
2140a452,DMM_IPKThemeSelected
2140a453,DMM_IPKThemeColor
2140a454,DMM_IPKThemeCorrelative
2140a455,DMM_LOST
2140a456,TPMSPRESSURE_FL
2140a457,TPMSPRESSURE_FR
2140a458,TPMSPRESSURE_RL
2140a459,TPMSPRESSURE_RR
2140a460,TPMSTEMP_FL
2140a461,TPMSTEMP_FR
2140a462,TPMSTEMP_RL
2140a463,TPMSTEMP_RR
2140a464,TPMSWARN_PRESSURE_FL
2140a465,TPMSWARN_PRESSURE_FR
2140a466,TPMSWARN_PRESSURE_RL
2140a467,TPMSWARN_PRESSURE_RR
2140a468,TPMSWARN_TEMP_FL
2140a469,TPMSWARN_TEMP_FR
2140a470,TPMSWARN_TEMP_RL
2140a471,TPMSWARN_TEMP_RR
2140a472,TPMSSENSOR_FASTLEAKW_FL
2140a473,TPMSSENSOR_FASTLEAKW_FR
2140a474,TPMSSENSOR_FASTLEAKW_RL
2140a475,TPMSSENSOR_FASTLEAKW_RR
2140a476,TPMSSENSOR_SENSORW_FL
2140a477,TPMSSENSOR_SENSORW_FR
2140a478,TPMSSENSOR_SENSORW_RL
2140a479,TPMSSENSOR_SENSORW_RR
2140a480,TPMSSENSOR_RESET_AVAILABLE
2140a481,TPMSSENSOR_WARN
2140a482,TPMSSENSOR_SYSTEM_STATUS
2140a483,TPMSWARN_INDIRECT_FL
2140a484,TPMSWARN_INDIRECT_FR
2140a485,TPMSWARN_INDIRECT_RL
2140a486,TPMSWARN_INDIRECT_RR
2140a487,ATE_DIAG_MODE
2140a488,ATE_GENERAL_CMD
2140a489,ATE_CLEARDATA_FLASH
2140a490,ATE_LANGUAGE_SET
2140a491,ATE_MEDIA_PLAYPAUSE
2140a492,ATE_SHOW_PICTURE
2140a493,ATE_VERSION_GETINFO
2140a494,ATE_VERSION_SETINFO
2140a495,ATE_WIFI_SWITCH
2140a496,ATE_WIFI_GETINTENSITY
2140a497,ATE_WIFI_SETINTENSITY
2140a498,ATE_WIFI_PAIR
2140a499,ATE_4G_GETINTENSITY
2140a500,ATE_4G_SETINTENSITY
2140a501,ATE_4G_GETDIAGNOSE
2140a502,ATE_4G_SETDIAGNOSE
2140a503,ATE_RADIO_GETFREQ
2140a504,ATE_RADIO_SETFREQ
2140a505,ATE_RADIO_SEEKUPDN
2140a506,ATE_MEDIA_GETSOURCE
2140a507,ATE_MEDIA_SETSOURCE
2140a508,ATE_BT_ONOFF
2140a509,ATE_BT_GETMACADDR
2140a510,ATE_BT_SETMACADDR
2140a511,ATE_BT_VOLUME
2140a512,ATE_BT_GETLINKSTS
2140a513,ATE_BT_SETLINKSTS
2140a514,ATE_BT_SEARCHPAIR
2140a515,ATE_BT_AUTOCONNECT
2140a516,ATE_GPS_INFO
2140a517,ATE_SATELLITE_GETINFO
2140a518,ATE_SATELLITE_SETINFO
2140a519,ATE_NAVI_SIMULATE
2140a520,ATE_NAVI_GETACTIVESTS
2140a521,ATE_NAVI_SETACTIVESTS
2140a522,ATE_SOUND_BALANCE
2140a523,ATE_MUTE_STS
2140a524,ATE_VOLUME_VALUE
2140a525,ATE_VOLUME_DEFAULTSET
2140a526,ATE_VOLUME_RECORDPLAY
2140a527,ATE_VOICE_RECOGN
2140a528,ATE_NAVI_UPDATE
2140a529,ATE_PLAY_TRACK
2140a530,ATE_FACTORY_SET
2140a531,ATE_PLAY_VIDEO
2140a532,ATE_GPS_SYSCHECK
2140a533,ATE_GYRO_GETCHIPID
2140a534,ATE_GYRO_SETCHIPID
2140a535,ATE_ID_GOHOME
2140a536,ATE_ID_WRRDTEST
2140a537,ATE_AUDIO_CHANNEL
2140a538,ATE_NonSignal
2140a539,ATE_TP_TEST
2140a540,ATE_SCREEN_BRIGHT
2140a541,ATE_3D_SOUND
2140a542,ATE_TBOX_AUDIO
2140a543,ATE_BT_CLEARRECORD
2140a544,ATE_IO_READSTATE
2140a545,ATE_IO_SETSTATE
2140a546,ATE_USERMANUAL_IMPORT
2140a547,ATE_USERMANUAL_MD5
2140a548,ATE_CheckVI
2140a549,ATE_CloseUsbPopup
2140a550,ATE_FACTORY_MODE
2140a551,LOCK_TRUNK_ENABLE
2140a552,LOCK_HOOD
2140a553,WINDOW_SUNROOF_ROLL_SELECT
2140a554,WINDOW_FL_VALIDITY
2140a555,WINDOW_FR
2140a556,WINDOW_FR_STS
2140a557,WINDOW_FR_VALIDITY
2140a558,WINDOW_RL_VALIDITY
2140a559,WINDOW_RR_VALIDITY
2140a560,WINDOW_SUNROOFTILE
2140a561,WINDOW_SUNROOFTILE_VALIDITY
2140a562,WINDOW_GROUP
2140a563,BCM_ATWS_HISTORY
2140a564,IPKINFO_MAINTAIN_ODO
2140a565,IPKINFO_AVERAGE_FUEL_ALL
2140a566,IPKINFO_AVERAGE_FUEL
2140a567,IPKINFO_IPK_LANGUAGE_SET
2140a568,IPKINFO_AVERAGE_INSTANT_FUEL
2140a569,REMAINING_OIL
2140a570,IPKTIME
2140a571,IPKTIME_INFO
2140a572,IPKWARN_FUEL
2140a573,IPKWARN_TIRE_PRESS_WARN
2140a574,IPKWARN_AIRBAG
2140a575,IPKWARN_ENG_EMISSION_FAIL
2140a576,IPKWARN_ENG_EMISSION_SELFCHECK_FAIL
2140a577,IPKWARN_MAINTAINCE
2140a578,IPKINFO_COOLAN_TEMP
2140a579,IPKWARN_OIL_LOW_PRESSURE
2140a580,IPKWARN_BAT_CHARGE_LIGHT
2140a581,IPKWARN_BRAKE_FAIL
2140a582,IPKWARN_EPS_SYSTEM_FAIL
2140a583,IPKWARN_EPB_LIGHT
2140a584,IPKWARN_EPB_SYSTEM
2140a585,IPKWARN_ABS_FAIL
2140a586,IPKWARN_ESC_FAIL
2140a587,IPKWARN_ESC_LIGHT
2140a588,IPKWARN_ESC_OFF_LIGHT
2140a589,IPKWARN_ENG
2140a590,IPKWARN_PARK
2140a591,IPKWARN_ACC
2140a592,IPKWARN_LAMP_FAIL
2140a593,IPKWARN_TCU_OVER_TEMP_LEVEL
2140a594,IPKWARN_DRV_SEAT_BELT
2140a595,IPKWARN_PASS_SEAT_BELT
2140a596,IPK_ENGINE_COOLANT_TEMP_VALIDITY
2140a597,ACU_CRASHOUTPUTSTS
2140a598,EPS_EPASFAILED
2140a599,ESC_EBDFAILED
2140a600,ESC_ABSFAILED
2140a601,ESC_TCSFAILED
2140a602,ESC_ESPFAILED
2140a603,ESC_EPBERRORSTATUS
2140a604,ESC_HBB_STS
2140a605,TCU_MODE_GEAR_DISPLAY_STS
2140a606,ESC_EPB_STS
2140a608,EMS_CRUISE_CONTROL_STS
2140a609,EMS_ENGINE_SPEED_RPM
2140a610,EMS_ENGINE_SPEED_RPM_VALIDITY
2140a611,RADARINFO_SENSOR_FAIL_FL
2140a612,RADARINFO_SENSOR_FAIL_FLM
2140a613,RADARINFO_SENSOR_FAIL_FRM
2140a614,RADARINFO_SENSOR_FAIL_FR
2140a615,RADARINFO_SENSOR_FAIL_RL
2140a616,RADARINFO_SENSOR_FAIL_RLM
2140a617,RADARINFO_SENSOR_FAIL_RRM
2140a618,RADARINFO_SENSOR_FAIL_RR
2140a619,WINDOW_SUNROOF_OPEN
2140a620,WINDOW_SUNROOF_CLOSE
2140a621,WINDOW_SUNROOF_PAUSE
2140a622,MCU_VEHICLE_DOOR_LOCK_STATE
2140a623,WINDOW_FL_STS
2140a625,AC_POWER
2140a626,ACON
2140a627,ADAS_RSRS_RCTA_WARN_LEFT
2140a628,ADAS_RSRS_RCTA_WARN_RIGHT
2140a62a,VPOWERINFO_MB_BATTERY_STATE
2140a62b,MCU_SYS_DIAG
2140a62d,DMM_FrFragranceSelected
2140a62f,VEHIC_TRUNKUPBASICPOSITIONRESP
2140a630,ADAS_RSRS_LCA_ACTIVE_STS
2140a631,ADAS_RSRS_RCW_STS
2140a632,BCM_HazardSts
2140a633,CAN_OTA_CHANNEL_INFO
2140a635,MCU_KEY_CODE_VOICE_CTRL
2140a636,MCU_KEY_CODE_RESUME_CRUISE_INCREASE
2140a637,MCU_KEY_CODE_RESUME_CRUISE_DECREASE
2140a638,MCU_KEY_CODE_CRUISE_DISTANCE_INCREASE
2140a639,MCU_KEY_CODE_CRUISE_DISTANCE_DECREASE
2140a640,MCU_KEY_CODE_VOLUME_INCREASE
2140a641,MCU_KEY_CODE_VOLUME_DECREASE
2140a642,MCU_KEY_CODE_PLAY_PREVIOUS
2140a643,MCU_KEY_CODE_PLAY_NEXT
2140a644,MCU_KEY_CODE_PLAY_PAUSE
2140a645,MCU_KEY_CODE_CUSTOM
2140a646,MCU_KEY_CODE_TEL_ANSWER
2140a647,MCU_KEY_CODE_DRIVING_MODE
2140a648,MCU_KEY_CODE_AVM
2140a649,MCU_KEY_CODE_SYS_MUTE
2140a650,MCU_KEY_CODE_BACK
2140a651,MCU_KEY_CODE_WORK_MODE
2140a652,MCU_KEY_CODE_POWER_KEY
2140a653,MCU_KEY_CODE_HOME_KEY
2140a654,AVM_DISPLAY_SWITCH_FROM
2140a655,LIGHTINSIDE_ATMOSPHERE_LAMP_SWITCH
2140a656,HUDACTIVEREQ
2140a657,MCU_ATMOSPHERE_LIGHT_DRIVE_COORDINATED
2140a658,MCU_ATMOSPHERE_LIGHT_SPEED_COORDINATED
2140a659,MCU_ATMOSPHERE_LIGHT_CALL_IN_TIP
2140a660,MCU_ATMOSPHERE_LIGHT_AIR_CONDITION
2140a661,MCU_ATMOSPHERE_LIGHT_WELCOME
2140a663,USB_POWER
2140a664,AVERAGE_FUEL_ONE_CYCEL
2140a666,AVERAGE_FUEL_CONSUMPTION_UNIT
2140a667,MCU_KEY_CODE_SAVE_CUSTOM_KEY
2140a668,INFO_ID_AVM_SHOW_MODE
2140a669,PDC_NEAREST_DISTANCE
2140a66a,PDC_STOP_DISPLAY_REQUEST
2140a66b,SOC_SUNRISE_SUNSET_TIME_SET_RET
2140a66d,RSRS_LCA_WARNING_RIGHT
2140a66e,RSRS_LCA_WARNING_LEFT
2140a66f,SOC_POSTION_SHARED
2140a670,DSCU_REMOTE_CONTROL_ST
2140a671,BODY_LIGHT_ATMO_COLOR_STATE2
2140a672,INFO_ID_AVM_TOUCH_EVENT
2140a673,IPKINFO_MAINTAIN_TIME
2140a674,ID_SOC_WARN_VOLUME
2140a675,MCU_KEY_CODE_AUDIO_MODE
2140a676,ACU_PASS_SEAT_OCCUPANT_SENSOR_ST
2140a677,CURRENT_MILEAGE_CLEAR_STATE
2140a678,SUBTOTAL_MILEAGE_CLEAR_STATE
2140a67b,CURRENT_MILEAGE_CLEAR
2140a67c,SUBTOTAL_MILEAGE_CLEAR
2140a67d,USER_ID_TYPE
2140a67e,USER_ID_POPUP
2140a67f,USER_ACCOUNT
2140a680,USER_POSITION
2140a681,BCM_WDW_RUNNING_STS
2140a682,HVAC_FAN_DIRECTION_AUTO
2140a683,BRAKE_PEDAL_POSITION
2140a684,BRAKE_PEDAL_POSITION_INVALID
2140a685,MCU_DTC_BT_COMM_STS
2140a686,MCU_DTC_MMI_TEMP_STS
2140a687,MCU_DTC_SIM_CARD_STS
2140a688,MCU_REQ_UPGRADE
2140a689,TPMEDIUM_MM_0
2140a68a,TPMEDIUM_MM_1
2140a68b,TPLONG_MM_0
2140a68c,TPLONG_MM_1
2140a68e,EPS_MODSETINHIBIT
2140a691,OTA_UPDATE_ERROR_CODE
2140a692,MCU_DISPLAY_HIGH_TEMP_WARN
2140a693,MCU_DISPLAY_TEMP_VAL
2140a695,NETWORK_REGISTER_STATUS
2140a697,NETWORK_SIGNAL_STRENGTH
2140a698,NETWORK_TYPE
2140a69c,MCU_SYSTEM_BTCALL_DElAY_SILENT_WARNING
2140a69d,MCU_BT_CALLING_STATUS
2140a69e,MCU_DIAGNOSTIC_CHANNEL_STATE
2140a69f,MCU_NOTIFY_ENTER_DEEPSLEEP
2140a6a0,MCU_BLE_OTA_STATUS
2140a6a1,SOC_POSTION_SHARED_TIME_DUR
2140a6a4,MCU_RET_BLE_OTA_STATE
2140a6a5,MCU_RET_BLE_OTA_NUMBER
2140a6a7,IPK_AVG_FUEL_CONSUMPTION_ARRAY
2140a6a8,IPK_AVG_ELC_CONSUMPTION_ARRAY
2140a6a9,IPK_GRAPH_RANGE_OPTION
2140a6aa,IPK_AVERAGE_POWER_CONSUMPTION
2140a6ab,IPK_AVERAGE_FUEL_ONE_CYCEL
2140a6ac,IPK_EVDT_EODOMETER
2140a6ad,IPK_FUEL_DRIVEN_MILEAGE
2140a6ae,IPK_CHARGING_ENDURANCE_MILEAGE
2140a6af,CHARGING_RATE_SET
2140a6b0,CHARGING_PLUG_TYPE
2140a6b1,CHANGING_VCU_StsChg
2140a6b2,CHARGING_VCU_IPK_ChgConnectSts
2140a6b3,CHARGING_ALTERNATING_CURRENT_PWR
2140a6b4,CHARGING_DIRECT_CURRENT_PWR
2140a6b5,CHARGING_WORK_TIME_ONCE
2140a6b6,CHANGING_BMSH_FinishChgTime
2140a6b7,CHANGING_AllowChgCurrent
2140a6b8,CHANGING_AllowChgEnergyReq
2140a6b9,DISCHARGING_WORK_CURRENT
2140a6ba,DISCHARGING_WORK_VOLTAGE
2140a6bb,DISCHARGING_CURRENT_PWR
2140a6bc,CHANGING_PARKING_SWT
2140a6bd,DISTANCE_PROTECTION_VAL
2140a6be,DISTANCE_PROTECTION_SWT
2140a6bf,CHANGING_TOTAL_ENG
2140a6c0,DISCHARGING_ENG
2140a6c1,DISCHARGING_WORK_TIME_TOTAL
2140a6c2,CHARGING_IMMEDIATELY_SWT
2140a6c3,BRIGHTNESS_AUTO_ADJUST
2140a6c4,CHARGING_PARKING_NOTICE
2140a6c6,BATTERY_MODE_HOLD_ENG
2140a6c7,BATTERY_MODE_INTELLIGENT_CHG
2140a6c8,BATTERY_MODE_ST
2140a6c9,IPK_MILEAGE_CLEAR_SIG
2140a6ca,IPK_CUR_MILEAGE_CLEAR_SIG
2140a6cb,IPK_MILEAGE_DOT_VAL
2140a6cc,ENGINE_POWER_SWT
2140a6cd,ENGINE_POWER_OFF
2140a6ce,IPK_EVDT_EODOMETER_MODE
2140a6cf,PARKING_COMFORT_SWT
2140a6d0,PARKING_NAP_SWT
2140a6d1,CHARGING_STATE_LIGHT
2140a6d2,SUPER_ENERGY_SAVING_MODE_SWT
2140a6d3,SUPER_ENERGY_SAVING_AC_SWT
2140a6d4,SUPER_ENERGY_SAVING_SEAT_MASSAGE
2140a6d5,SUPER_ENERGY_SAVING_SPEED_LIMIT
2140a6d6,SUPER_ENERGY_SAVING_AMBIENT_LIGHT
2140a6d7,SUPER_ENERGY_SAVING_ENERGY_RECOVERY
2140a6d8,CHARGING_ALTERNATING_CURRENT_VAL
2140a6d9,CHARGING_ALTERNATING_CURRENT_MAX
2140a6da,CHARGING_ALTERNATING_CURRENT_MIN
2140a6db,CHARGING_ALTERNATING_CURRENT_STEP
2140a6dc,DISCHARGING_SOC_SET
2140a6dd,DISCHARGING_SWITCH_V2V
2140a6de,DISCHARGING_SWITCH_V2L
2140a6df,CHARGING_ALTERNATING_CURRENT_SWT
2140a6e0,CHARGING_DIRECT_CURRENT_SWT
2140a6e1,CHANGING_BATTERY_COLOR
2140a6e2,CHARGING_CAP
2140a6e3,DISCHARGING_IPU_StsActiveDischg
2140a6e4,DISCHARGING_ENGINE_SWT
2140a6e5,ED_PROPULSION_PERCENTAGE
2140a6e6,ED_CABIN_CLIMATE_PERCENTAGE
2140a6e7,ED_BATTERY_CLIMATE_PERCENTAGE
2140a6e8,ED_OTHER_PERCENTAGE
2140a6ed,ED_EV_BATTERY_PERCENTAGE
2140a6ee,ED_FUEL_PERCENTAGE
2140a6ef,ENERGY_EPT_MODE_SELECT
2140a6f0,MMI_EVMAX_REQ
2140a6f1,MMI_SAVE_MODE_REQ
2140a6f3,ENERGY_ePTRegeyLevPerCyclent
2140a6f4,ESC_BBC_MOD_SELECTION
2140a6f5,EPS_CUSTOM_STEER_MODE_SELECTION
2140a6f6,REAR_VIEW_MIRRORS_REQ_STATUS
2140a6f7,REAR_MIRRORS_CONTROL
2140a6f8,IPK_AVG_ENERGY_CONSUMPTION_100
2140a6f9,IPK_AVERAGE_FUEL_CONSUMPTION_100
2140a6fa,MAX_HEAT_KEY_STATE
2140a6fb,MMI_POWER_ON_OFF_REQ
2140a6fc,CHARGE_CURRENT_ENG
2140a6fd,AMS_MODE_SWITCH_STS
2140a6fe,MMI_DSCU_STATUS
2140a6ff,TBOX_VCU_BOOK_CHG_FLAG
2140a700,VehSpdLgtA
2140a701,VehSpdLvl
2140a702,RoomMode
2140a703,Audiomode
2140a704,BalLvl
2140a705,FaderLvl
2140a706,Loudness_Setting
2140a707,LvlOfBass
2140a708,LvlOfMid
2140a709,LvlOfTreble
2140a70a,Allmute
2140a70b,AudioMute
2140a70c,TeleMute
2140a70d,Chiming2Mute
2140a70e,VolLvlBgrnd
2140a70f,VolLvlFgrnd1
2140a710,VolLvlFgrnd2
2140a711,VolLvlFgrnd2Ch
2140a712,Fgrnd1ForAudOutpChAudOutpCh
2140a713,Fgrnd2ForAudOutpChAudOutpCh
2140a714,WarnIntrptLoglDHU
2140a715,HdrestMod
2140a716,CarTiGlb
2140a717,BkpOfDstTrvld
2140a718,VehModMngtGlbSafe1
2140a719,VehBattU
2140a71b,MmedAudPwrMod
2140a71c,AmplifrTurnOn
2140a71d,AmplifrErrSts
2140a71e,MmedAudCurrLim
2140a800,OBC_STS_CC
2140a801,VCU_CHG_FAULT_REQ
2140a802,TBOX_VCU_BOOK_TRIVEL_FLAG
2140a803,TBOX_VCU_BOOK_TRIVEL_REQ
2140a804,BMSH_CCM_THERMAL_MAMAGER_REQ
2140a806,ISA_SWITCH_AVAILABLE
2140a807,ISA_SWITCH_STS
2140a808,VEH_SHOW_MODE_STS
2140a809,BMSH_NM_STS
2140a80a,BMSH_FIRE_ALARM
2140a80b,ITPMS_REQUEST_STATUS
2140a80c,ITPMS_SYSTEM_SWITCH
2140a80e,FRONT_WIPER_MAINTAN_CYCLE
2140a80f,TSR_WARN_KPH
2140a810,TSR_WARNING_MODE
2140a811,TSR_FUSION_SWITCH
2140a812,AL_BRIGHTNESS_LEVEL_ADJUST
2140a813,AL_MODE_SET
2140a816,LIGHT_HIGHT_SET
2140a817,POWER_KEEP_TIME_SET
2140a818,TRUNK_UP_BASIC_POSITION_SET_REQ
2140a819,CST_SWITCH
2140a81a,CST_SWITCH_AVAILABLE
2140a81b,RLS_BRIGHTNESS
2140a81c,ROLLSHADE_HORIZONTAL_CONTROL
2140a81d,BCM_SUROOF_ROLL_RESP
2140a81e,RSRS_LCA_STATE
2140a81f,RSRS_BSD_STATE
2140a820,LIGHT_SWITCH_REQUEST
2140a821,LIGHT_HUD_BRIGHTNESS_UNIT
2140a822,PEPS_USAGE_MODE
2140a823,PEPS_USAGE_MODE_VALIDITY
2140a828,ITPMS_RESET_REQUEST
2140a829,RSRS_RCTA_STATE
2140a82a,RSRS_RCW_STATE
2140a82b,BMSH_BAT_SOE
2140a82c,BMSH_TBOX_TEMPF_ID
2140a82d,BMSH_TBOX_TEMP_A
2140a82e,BMSH_TBOX_TEMP_B
2140a82f,BMSH_TBOX_TEMP_C
2140a830,BMSH_TBOX_TEMP_D
2140a831,BMSH_TBOX_TEMP_E
2140a832,BMSH_TBOX_TEMP_F
2140a833,BMSH_TBOX_TEMPA_ID
2140a834,BMSH_TBOX_BAT_TEMP_SUM
2140a835,BMSH_TBOX_BAT_SERIES_CELLS_SUM
2140a836,BMSH_BAT_CURRENT
2140a837,BMSH_PACK_VOLT
2140a838,BMSH_TBOX_BATL_SO_ALARM2
2140a839,BMSH_TBOX_BAT_UNIFORMITY2
2140a83a,BMSH_TBOX_BAT_OVER_CHARGE2
2140a83b,BMSH_TBOX_SOC_HOP2
2140a83c,BMSH_TBOX_BAT_OVER_SOC2
2140a83d,BMSH_TBOX_CELL_UNDER_VOL_TAGE2
2140a83e,BMSH_TBOX_CELL_OVER_VOL_TAGE2
2140a83f,BMSH_TBOX_BAT_LOW_SOC2
2140a840,BMSH_TBOX_BAT_UNDER_VOLTAGE2
2140a841,BMSH_TBOX_BAT_OVER_VOLTAGE2
2140a842,BMSH_TBOX_BAT_OVER_TEMP2
2140a843,BMSH_TBOX_BAT_TEMP_UNI_FORMITY2
2140a844,BMSH_TBOX_INSULATION_RESISTANCE2
2140a845,IPU_TBOX_MOT_OVER_TEMP_FAULT
2140a846,IPU_TBOX_IPU_OVER_TEMP_FAULT
2140a847,VCU_TBOX_VEH_HVIL_FAULT
2140a848,VCU_TBOX_PACK_TYPE_UNMATCH
2140a849,DCDC_TBOX_STS_FAULT
2140a84a,DCDC_TBOX_OVER_TEMP
2140a84b,DCDC_STS_CTRL
2140a84c,ESC_WCBS_FAULT
2140a84d,ESC_CDP_ACTIVE
2140a84e,ESC_AEB_ACTIVE
2140a84f,ESC_VLC_CDD_ACTIVE
2140a850,ESC_APA_CDD_ACTIVE
2140a851,EMS_FUEL_PULSES_ROLLING_COUNTER
2140a852,IPU_ACT_INPUT_CURRENT
2140a853,IPU_ACT_INPUT_VOLT
2140a854,IPU_MOTOR_TEMP
2140a855,IPU_IPU_TEMP
2140a856,IPU_MOTOR_TQ
2140a857,IPU_MOTOR_SPD
2140a858,IPU_TBOX_ST_DRV_TQ
2140a859,IPU_TBOX_MODE_MOTOR_DRV
2140a85a,VCU_ACC_PEDAL_POSITION
2140a85b,VCU_STS_BRK_SWITCH1
2140a85c,ECM_0X16A_TIMEOUT_FLAG
2140a85d,BMSH_TBOX_CELLA_ID
2140a85e,BMSH_TBOX_CELLC_ID
2140a85f,BMSH_TBOX_CELLA_VOLT
2140a860,BMSH_TBOX_CELLB_VOLT
2140a861,BMSH_TBOX_CELLC_VOLT
2140a863,BMSH_STS_CC2
2140a864,BMSH_STS_MAIN_POSITIVE_RELAY
2140a865,OBC_BMSH_ACT_VOLT_AC
2140a866,OBC_BMSH_ACT_CUR_AC
2140a867,TBOX_BATT_PACKAGE_WARM_REQ
2140a868,BMSH_BAT_SOH
2140a869,BMSH_MAIN_POS_RELAY_FAULT
2140a86a,BMSH_MAIN_NEG_RELAY_FAULT
2140a86b,BMSH_DCCHG_RELAY_FAULT
2140a86c,BMSH_TBOX_BAT_STORE_SYS_FAULT
2140a86d,BMSH_TBOX_BAT_LOW_TEMP
2140a86e,VCU_BATTERY_ELECTRIC_DTE
2140a86f,ESC_MCYLINDER_PRESSURE
2140a870,YRS_LONGIT_ACCE
2140a871,BMSH_BAT_SWAP_POS_TEMP
2140a872,BMSH_BAT_SWAP_NEG_TEMP
2140a873,BMSH_DISCHG_OVER_CURRENT
2140a874,VCU_CHARGE_RESPONSE
2140a878,BMSH_PACKCODE_1
2140a879,BMSH_PACKCODE_2
2140a87a,BMSH_PACKCODE_3
2140a87b,BMSH_PACKCODE_4
2140a87c,BMSH_PACKCODE_5
2140a87d,BMSH_PACKCODE_6
2140a87e,BMSH_PACKCODE_7
2140a87f,VCU_MSG_FORMAT_VERSION
2140a880,VCU_STS_LIMIT_CHG
2140a881,VCU_STS_LIMIT_CHG_DEPTH
2140a882,VCU_STS_LIMIT_CHG_CURRENT
2140a883,VCU_TQLMT_SET_RESP
2140a884,VCU_ALLWHVONT_SET_RESP
2140a885,VCU_ALIVE_TIME_ACT
2140a886,VCU_ANTITHEFT_SET_RESP
2140a887,VCU_FAKE_BMS_FLAG
2140a888,IPU_MSG_FORMAT_VERSION
2140a889,IPU_TQLMT_SET_RESP
2140a88a,IPU_ALIVE_TIME_ACT
2140a88b,IPU_ANTITHEFT_SET_RESP
2140a88c,BMSH_TOTAL_ODOMETER
2140a891,TBOX_ALLOW_CHARGE_REQ
2140b000,POWER_TYPE
2140b003,PTG_SECONDARY_POSITION
2140b004,DRIVE_MODE_PER_CYCLENT
2140b005,EPS_CUSTOM_STEER_MODE
2140b006,AC_MAIN_TENAN_CYCLE_MODE
2140b007,AC_SELF_INSPC_ROUTINE
2140b008,DISCHARGING_SOC_MAX
2140b009,DISCHARGING_SOC_MIN
2140b00a,VCU_V2X_SOC_DTE
2140b00b,VCU_ALLOW_CHARGE_MAX_SOC_ACT
2140b00c,VCU_ODO_ALLOW_CHARGE_MAX_SOC_ACT
2140b00d,VCU_ALLOW_CHG_DEPTH_STS
2140b00e,TBOX_CHARGE_REQ
2140b00f,CHARGING_RATE_MIN
2140b010,LDW_SNVTY_STATE
2140b011,IPK_FUEL_LEVEL_LOW_WARNING
2140b012,ACU_DRV_SEAT_BELT_BUCKLE_INVALID
2140b013,VCU_AC_VCU_POWER_ACTUAL
2140b014,BMSH_BUS_VOLT
2140b015,GCU_ACT_INPUT_VOLT
2140b016,GCU_ACT_INPUT_CURRENT
2140b018,VCU_APU_IDLE_CHRG_STS
2140b019,FLTEGY_RST_ECU_REQ
2140b01e,FULL_CHARGE_REMINDER
2140b01f,AC_TEMP_POP_REQ
2140b020,DRV_PFMNC_REDN_REMINDER
2140b021,BODY_SEAT_PS_EASY_ENTRY_ON
2140b022,VCU_LOCK_VEH_STS
2140b023,VCU_AC_AIRCLEAN_STATE
2140b024,VCU_AC_PM25_IN_DEN
2140b025,VCU_AC_PM25_OUT_DEN
2140b026,TBOX_VCU_BOOK_HEATING_FLAG
2140b027,TBOX_VCU_BOOK_HEATING_REQ
2140b028,MMI_AL_RESTSCENE_MODE_REQ
2140b029,DHU_ROAD_CAMERA_LIMIT_SPEED
2140b02a,VCU_IPK_PRE_THERMALACT_FEEDBACK
2140b02b,VCU_MMI_THERMAL_WINDOW_VALID
2140b02c,MMI_VCU_NAVIGATION_VALID
2140b02d,MMI_VCU_AUTO_HERMAL_BUTTON_VALID
2140b02e,MMI_VCU_PRE_THERMALREQ_NAVIGATION
2140b02f,MMI_VCU_PRE_THERMALREQ_MANUAL
2140b030,BMSH_VCU_LOW_TEMP_THERMAL_VALID
2140b031,TBOX_INTELLIGENT_CHG_CMD
2140b032,ROTARY_INPUT_TYPE_AUDIO_VOLUME
2140b033,ROTARY_INPUT_TYPE_SYSTEM_NAVIGATION
2140b034,TRAFFIC_LIGHTINFO_CROSS_MANEUVER_ID
2140b035,TRAFFIC_LIGHTINFO_COUNTDOWN
2140b036,TRAFFIC_LIGHTINFO_WAIT_ROUNDCOUNT
2140b037,HUD_SYSTEM_STATUS
2140b038,HUD_DISPLAY_ANGELFB
2140b039,HUD_HUDANGEL_RESTSWT
2140b03a,MMI_HUD_AGADIMT_SWT
2140b03b,TRAFFIC_LIGHTINFO_STATUS
2140b03e,ECALL_MUTE_DET
2140b03f,MCU_KEY_CODE_KNOB_OK_KEY
2140b040,MCU_KEY_CODE_KNOB_INFO_KEY
2140b041,MMI_WASH_HEAT
2140b042,MMI_AC_ACForbiddenrReminderSt
2140b043,MMI_RX_VCU_ShowModeEnable
2140b044,MMI_RX_ESC_ShowModeEnable
2140b045,FRONT_CAR_DRV_OFF
2140b046,LOW_SPEED_ALARM_AVAILABLE
2140b047,LOW_SPEED_FORWARD_ALARM_SRC
2140b048,FRONT_TRUNK_SWT
2140b049,MMI_TRAILER_MODE_SWT
2140b04a,MMI_TRAILER_MODE_ESC_BrakePedal
2140b04b,MMI_TRAILER_MODE_VCU_TrlrModPrpsnSts
2140b04c,MMI_TRAILER_MODE_VCU_TrlrModRemind
2140b04d,MMI_TRAILER_MODE_ESC_TrlrModBCSts
2140b054,DISCHARGING_STOP_REMIND
2140b066,OBC_DISCHRG_PWR_EXCEED_WARN
2140b06a,MPU_SET_FACTCANSIG
2140b06b,MMI_AC_ACForbiddenStReport
2140b06c,MMI_TBOX_RVSSt
2140b07e,IPK_GRAPH_RANGE_OPTION_50KM
2140b07f,IPK_GRAPH_RANGE_OPTION_100KM
2140b085,OBC_STS_CP
2140b08e,FRS_ALOD_MODE
2140b08f,PEPS_WARN_EMERGENCY_OFF
2140b090,PEPS_WARNING_BATTERY_SAVING
2140b091,MMI_LONG_TI_RUNNING_MOD
2140b092,CRUISE_SWITCH_STATUS
2140b094,MMI_TBOX_VLSupdateSwt
2140b095,CAN_2C5_LINE_ST
21414505,HW_KEY_INPUT
2141901f,VENDOR_MCU_TIME_REQ
21601022,HVAC_TEMPERATURE_LV_SET
2160a624,DOUBLE_TEMPRETURE
2160a6c5,BATTERY_MODE_TARGET_ENG
2160a6e9,ED_DRIVING_ENERGY_FLOW
2160a6ea,ED_CLIMATE_ENERGY_FLOW
2160a6eb,ED_BATTERY_ENERGY_FLOW
2160a6ec,ED_OTHER_ENERGY_FLOW
2160b001,UPS_VOTAGE
2160b055,DCHA_CHARGE_ACDC_CURRENT
2160b056,DCHA_CHARGE_ACDC_VOLT
2170901e,VENDOR_MCU_TIME
21709035,VENDOR_OFF_LINE_STATUS
2170a011,MCU_ALARM_CLOCK
2170a041,MCUDEVICEINFO_VECH_CONFG
2170a042,MCUDEVICEINFO_VECH_NETWORK_CONFIG
2170a044,MCUDEVICEINFO_LOCAL_CONFIG_FLAG
2170a047,MCU_CAN_PRIVATE
2170a053,MCU_AUTO_TEST
2170a062,PEPS_RESPONSE_STS
2170a070,MCU_BLE_SOC_BLE
2170a071,MCU_BLE_MCU_BLE
2170a072,SOC_SYNC_MCU
2170a085,SOC_TBOX_FOTA_PACK_INFO
2170a088,SOC_TBOX_FOTA_INSTALL_CTL
2170a089,SOC_TBOX_FOTA_INSTALL_DELAY
2170a090,SOC_TBOX_FOTA_INSTALL_STS
2170a221,TBOXCFG_IMEI_NUM
2170a629,MCU_BLE_LOG_BLE
2170a62e,MCU_TIME_INFO
2170a634,SWDL_UPDATE_ECU_DATA
2170a68d,TBOX_ENGINE_START_REQ_AND_TIME
2170a68f,USER_ACCOUNT_POSITION
2170a690,CANID_PROP_LIST
2170a694,CANID_PROP_LIST_TEST
2170a696,NETWORK_SUPPLIER_CODE
2170a699,GNSS_LOCATION_INFO
2170a69a,GNSS_LOCATION_PARAMETER
2170a69b,MCU_DTC_ROUTINE_REQUEST
2170a6a2,MPU_SET_BLE_FOTA_INFO
2170a6a3,MPU_SET_BLE_OTA_DATA
2170a815,WEEK_ALARM_CONFIRM
2170a862,BMSH_TBOX_TEMP_A_TO_F
2170a875,BMSH_TBOX_CELL_ALL
2170a876,BMSH_PACKCODE_ALL
2170a88d,IPU_RESPOND_CLOUD
2170a88e,VCU_RESPOND_CLOUD
2170a88f,TBOX_CLOUD_CONTROL_IPU
2170a890,TBOX_CLOUD_CONTROL_VCU
2170b002,DRIVE_EXHIBITION
2170b017,MCU_REPORT_BMSH_DATA
2170b03c,MMI_TEXT_NAVI_DATAFRAME
2170b04e,VEHIC_RKE_LOCK_REMIND
2170b057,INFO_ID_MCU_DIAGNOSTIC_INFO
2170b058,FRONT_WIPER_MAINTAN_FAILURE
21e00666,0x21e00666
21e01111,0x21e01111
21e01112,0x21e01112
21e01113,0x21e01113
21e01114,0x21e01114
22408010,DRIVE_RADAR_OBSTACLE_DISTANCE_INFO
23400103,0x23400103
23401024,HVAC_DEFROSTER
234020ab,WINDOW_POS
2440b01c,REAR_MIRROR_Z_POS
2440b01d,REAR_MIRROR_Y_POS
25401028,HVAC_SEAT_TEMPERATURE
2540102a,HVAC_SEAT_VENTILATION
25401036,HVAC_TEMPERATURE_ADJUST
25402030,BODY_MAS_MODE
25402031,BODY_MAS_STRE_LEVEL
25402032,BODY_MAS_ST_SWITCH
2540205c,DSM_MAS_CLOSE_REMINDER
2540a71a,Power_on_diagnostics
2540a824,SEAT_FORE_AFT_MOVE_FAULT
2540a825,SEAT_BACKREST_ANGLE_1_MOVE_FAULT
2540a826,SEAT_HEIGHT_MOVE_FAULT
2540b01a,SEAT_LEG_MOVE
2540b01b,SEAT_LEG_POS
25600102,0x25600102
26200101,0x26200101
264020a9,DOOR_POS
264020aa,DOOR_LOCK
2740a318,IPK_AVE_SPEED
2740a665,AVERAGE_FUEL_CONSUMPTION
2740a679,DRIVE_MILEAGE
2740a67a,DRIVE_TIME
2740a827,ITPMS_TYRE_WARN
2770a814,WEEK_ALARM_INFO
2840b03d,LANE_INFORMATION_LANE_ICONID
2c40103b,HVAC_AIR_QUALITY_IN_OUT_CAR
